Unnamed: 0,furniture_type,name,discounted_price,original_price,product_details,company
0,Showcase,"King Decore love self ,wall art wall decor i lave you s...",360,1595,"['Delivery condition: DIY - Basic assembly to be done with simple tools by the customer, comes with instructions.']",Casa Rusu
1,Showcase,classiconline Wall Mount Corner 5 Tier Engineered Wood ...,714,2608,['Delivery condition: Pre Assembled (Ready to Use)'],Jysk
2,Showcase,Meher MULTIPURPOSE STORAGE CASE Plastic Display Unit,181,753,['Delivery condition: Pre Assembled (Ready to Use)'],FurnitureForYou
3,Showcase,Flipkart Perfect Homes Studio KR-02-Beige Engineered Wo...,715,1604,"['Delivery condition: DIY - Basic assembly to be done with simple tools by the customer, comes with instructions.','Details: Easy Cleaning,Huge Storage Space,Good Looking,Heavy and Strong']",Jysk
4,Showcase,"Artesia Wall Mount Set of 3 Iron Wall Shelves Wooden, I...",882,4013,['Delivery condition: Pre Assembled (Ready to Use)'],Dedeman
5,Showcase,Custom Decor NEW Edison Solidwood House Corner Wall Rac...,3511,12041,['Delivery condition: Pre Assembled (Ready to Use)'],Casa Rusu
6,Showcase,Sublime Arts Tv Entertainment Set top Box Stand Ideal f...,546,1238,['Delivery condition: Pre Assembled (Ready to Use)'],Casa Rusu
7,Showcase,Flipkart Perfect Homes Studio KR-02-White Engineered Wo...,715,1504,"['Delivery condition: DIY - Basic assembly to be done with simple tools by the customer, comes with instructions.','Details: Easy Cleaning,Huge Storage Space,Good Looking,Heavy and Strong']",Casa Rusu
8,Showcase,King Decore Engineered Wood Display Unit,360,1595,"['Delivery condition: DIY - Basic assembly to be done with simple tools by the customer, comes with instructions.']",Mob Expert
9,Showcase,woodinto Wooden Wall Shelf for Decor Home and Office En...,1303,2006,"['Delivery condition: DIY - Basic assembly to be done with simple tools by the customer, comes with instructions.']",Dedeman
10,Showcase,Martemporium New Plus Wooden Wall Shelf for Decor Your ...,713,1604,"['Delivery condition: DIY - Basic assembly to be done with simple tools by the customer, comes with instructions.','Details: New Plus wall shelf']",Casa Magica
11,Showcase,Flipkart Perfect Homes Studio Engineered Wood Display U...,715,1604,"['Delivery condition: DIY - Basic assembly to be done with simple tools by the customer, comes with instructions.']",Casa Magica
12,Showcase,Manu Creations Hardwood Aai Wall Mounted Shelf Wenge Ra...,391,1002,['Delivery condition: Pre Assembled (Ready to Use)'],FurnitureForYou
13,Showcase,"ABHA A4 metal Brochure,catalogue rack, Display Stand Me...",1805,3512,"['Delivery condition: DIY - Basic assembly to be done with simple tools by the customer, comes with instructions.','Details: Brochure']",Mob Expert
14,Showcase,Decorhand Wall Mount Intersecting Hexagon Wall Shelves ...,1845,4013,['Delivery condition: Pre Assembled (Ready to Use)'],Casa Rusu
15,Showcase,Star Handicrafts Engineered Wood Display Unit,979,3009,['Delivery condition: Pre Assembled (Ready to Use)'],Casa Rusu
16,Showcase,"Amaze Shoppee Wall Mounted Stand for Set Top Box, Wall ...",791,4013,"['Delivery condition: DIY - Basic assembly to be done with simple tools by the customer, comes with instructions.']",Mobila Casa
17,Showcase,classiconline Set of 4 Engineered Wood Display Unit,709,1002,['Delivery condition: Pre Assembled (Ready to Use)'],Mob Expert
18,Showcase,Flipkart Perfect Homes Studio Multipurpose Wooden Kitch...,1169,3060,"['Delivery condition: DIY - Basic assembly to be done with simple tools by the customer, comes with instructions.']",Casa Magica
19,Showcase,Star Handicrafts Engineered Wood Display Unit,1065,3009,['Delivery condition: Pre Assembled (Ready to Use)'],Mobila Casa
20,Showcase,King Decore love selfdisplay unit wall self wall art wa...,400,1604,"['Delivery condition: DIY - Basic assembly to be done with simple tools by the customer, comes with instructions.']",Ikea
21,Showcase,Das Engineered Wood Display Unit,635,2206,"['Delivery condition: DIY - Basic assembly to be done with simple tools by the customer, comes with instructions.']",Dedeman
22,Showcase,King Decore Engineered Wood Display Unit,250,802,"['Delivery condition: DIY - Basic assembly to be done with simple tools by the customer, comes with instructions.']",FurnitureForYou
23,Showcase,Hometown Engineered Wood Display Unit,3322,9231,"['Delivery condition: Knock Down - Delivered in non-assembled pieces, installation by service partner']",Mob Expert
24,Showcase,Craft Creations Engineered Wood Display Unit,4515,4515,"['Delivery condition: DIY - Basic assembly to be done with simple tools by the customer, comes with instructions.']",Casa Magica
25,Showcase,classiconline Engineered Wood Display Unit,399,1002,['Delivery condition: Pre Assembled (Ready to Use)'],Jysk
26,Showcase,Craft Creations Engineered Wood Display Unit,2192,2609,"['Delivery condition: DIY - Basic assembly to be done with simple tools by the customer, comes with instructions.']",Mob Expert
27,Showcase,Mrmart Engineered Wood Display Unit,902,1504,['Delivery condition: Pre Assembled (Ready to Use)'],Mobila Casa
28,Showcase,Decorhand Wall Mount Set of 6 Intersecting Wall Shelves...,1449,3009,['Delivery condition: Pre Assembled (Ready to Use)'],Casa Magica
29,Showcase,StyleWud Ivy shelf Engineered Wood Display Unit,491,1203,"['Delivery condition: DIY - Basic assembly to be done with simple tools by the customer, comes with instructions.']",Casa Rusu
30,Showcase,woodinto Corner Zig Zag Wall Mount Shelves for Home Dec...,812,2006,"['Delivery condition: DIY - Basic assembly to be done with simple tools by the customer, comes with instructions.','Details: ZIGZAG WALL SHELVE']",Mob Expert
31,Showcase,Mrmart Engineered Wood Display Unit,1153,2608,['Delivery condition: Pre Assembled (Ready to Use)'],Ikea
32,Showcase,Xtenshion Crafts Engineered Wood Display Unit,763,1002,['Delivery condition: Pre Assembled (Ready to Use)'],Ikea
33,Showcase,Sublime Arts WALL FLOATING Engineered Wood Display Unit,571,902,['Delivery condition: Pre Assembled (Ready to Use)'],Casa Magica
34,Showcase,Xtenshion Crafts Interlock Set Of 6 Engineered Wood Dis...,1063,1504,['Delivery condition: Pre Assembled (Ready to Use)'],Jysk
35,Showcase,Hometown Engineered Wood Display Unit,2889,7927,"['Delivery condition: Knock Down - Delivered in non-assembled pieces, installation by service partner']",Casa Magica
36,Showcase,Flipkart Perfect Homes Studio Engineered Wood Display U...,596,2006,"['Delivery condition: DIY - Basic assembly to be done with simple tools by the customer, comes with instructions.']",Mob Expert
37,Showcase,Meher MULTIPURPOSE WALLSTORAGE HOLDER 8 Pieces set Plas...,254,803,['Delivery condition: Pre Assembled (Ready to Use)'],Ikea
38,Showcase,Lodditer Engineered Wood Display Unit,711,1551,"['Delivery condition: DIY - Basic assembly to be done with simple tools by the customer, comes with instructions.']",Mobila Casa
39,Showcase,Hometown Cash Engineered Wood Display Unit,2156,5920,"['Delivery condition: Knock Down - Delivered in non-assembled pieces, installation by service partner']",Casa Rusu
40,Showcase,Flipkart Perfect Homes Studio KR-02-Beige Engineered Wo...,715,1604,"['Delivery condition: DIY - Basic assembly to be done with simple tools by the customer, comes with instructions.','Details: Easy Cleaning,Huge Storage Space,Good Looking,Heavy and Strong']",Casa Rusu
41,Showcase,Flipkart Perfect Homes Studio KR-02-White Engineered Wo...,715,1504,"['Delivery condition: DIY - Basic assembly to be done with simple tools by the customer, comes with instructions.','Details: Easy Cleaning,Huge Storage Space,Good Looking,Heavy and Strong']",Casa Magica
42,Showcase,"King Decore love self ,wall art wall decor i lave you s...",360,1595,"['Delivery condition: DIY - Basic assembly to be done with simple tools by the customer, comes with instructions.']",Casa Magica
43,Showcase,classiconline Wall Mount Corner 5 Tier Engineered Wood ...,714,2608,['Delivery condition: Pre Assembled (Ready to Use)'],Mob Expert
44,Showcase,"Artesia Wall Mount Set of 3 Iron Wall Shelves Wooden, I...",882,4013,['Delivery condition: Pre Assembled (Ready to Use)'],Casa Magica
45,Showcase,Meher MULTIPURPOSE STORAGE CASE Plastic Display Unit,181,753,['Delivery condition: Pre Assembled (Ready to Use)'],Casa Rusu
46,Showcase,Custom Decor NEW Edison Solidwood House Corner Wall Rac...,3511,12041,['Delivery condition: Pre Assembled (Ready to Use)'],FurnitureForYou
47,Showcase,Flipkart Perfect Homes Studio Engineered Wood Display U...,715,1604,"['Delivery condition: DIY - Basic assembly to be done with simple tools by the customer, comes with instructions.']",Ikea
48,Showcase,Sublime Arts Tv Entertainment Set top Box Stand Ideal f...,546,1238,['Delivery condition: Pre Assembled (Ready to Use)'],Dedeman
50,Showcase,woodinto Wooden Wall Shelf for Decor Home and Office En...,1303,2006,"['Delivery condition: DIY - Basic assembly to be done with simple tools by the customer, comes with instructions.']",Ikea
51,Showcase,Star Handicrafts Engineered Wood Display Unit,979,3009,['Delivery condition: Pre Assembled (Ready to Use)'],Ikea
52,Showcase,Martemporium New Plus Wooden Wall Shelf for Decor Your ...,713,1604,"['Delivery condition: DIY - Basic assembly to be done with simple tools by the customer, comes with instructions.','Details: New Plus wall shelf']",Mobila Casa
53,Showcase,Manu Creations Hardwood Aai Wall Mounted Shelf Wenge Ra...,391,1002,['Delivery condition: Pre Assembled (Ready to Use)'],Dedeman
54,Showcase,"ABHA A4 metal Brochure,catalogue rack, Display Stand Me...",1805,3512,"['Delivery condition: DIY - Basic assembly to be done with simple tools by the customer, comes with instructions.','Details: Brochure']",Casa Rusu
55,Showcase,Star Handicrafts Engineered Wood Display Unit,1065,3009,['Delivery condition: Pre Assembled (Ready to Use)'],Casa Magica
56,Showcase,Decorhand Wall Mount Intersecting Hexagon Wall Shelves ...,1845,4013,['Delivery condition: Pre Assembled (Ready to Use)'],FurnitureForYou
57,Showcase,classiconline Set of 4 Engineered Wood Display Unit,709,1002,['Delivery condition: Pre Assembled (Ready to Use)'],Mobila Casa
58,Showcase,Flipkart Perfect Homes Studio Multipurpose Wooden Kitch...,1169,3060,"['Delivery condition: DIY - Basic assembly to be done with simple tools by the customer, comes with instructions.']",FurnitureForYou
60,Showcase,King Decore love selfdisplay unit wall self wall art wa...,400,1604,"['Delivery condition: DIY - Basic assembly to be done with simple tools by the customer, comes with instructions.']",Mob Expert
61,Showcase,Das Engineered Wood Display Unit,635,2206,"['Delivery condition: DIY - Basic assembly to be done with simple tools by the customer, comes with instructions.']",Jysk
62,Showcase,King Decore Engineered Wood Display Unit,250,802,"['Delivery condition: DIY - Basic assembly to be done with simple tools by the customer, comes with instructions.']",Jysk
63,Showcase,Mrmart Engineered Wood Display Unit,902,1504,['Delivery condition: Pre Assembled (Ready to Use)'],Casa Magica
64,Showcase,Craft Creations Engineered Wood Display Unit,4515,4515,"['Delivery condition: DIY - Basic assembly to be done with simple tools by the customer, comes with instructions.']",Mobila Casa
65,Showcase,classiconline Engineered Wood Display Unit,399,1002,['Delivery condition: Pre Assembled (Ready to Use)'],Mobila Casa
66,Showcase,"Amaze Shoppee Wall Mounted Stand for Set Top Box, Wall ...",791,4013,"['Delivery condition: DIY - Basic assembly to be done with simple tools by the customer, comes with instructions.']",Ikea
67,Showcase,Mrmart Engineered Wood Display Unit,1153,2608,['Delivery condition: Pre Assembled (Ready to Use)'],Casa Rusu
68,Showcase,Craft Creations Engineered Wood Display Unit,2192,2609,"['Delivery condition: DIY - Basic assembly to be done with simple tools by the customer, comes with instructions.']",Dedeman
69,Showcase,Decorhand Wall Mount Set of 6 Intersecting Wall Shelves...,1449,3009,['Delivery condition: Pre Assembled (Ready to Use)'],Jysk
70,Showcase,woodinto Corner Zig Zag Wall Mount Shelves for Home Dec...,812,2006,"['Delivery condition: DIY - Basic assembly to be done with simple tools by the customer, comes with instructions.','Details: ZIGZAG WALL SHELVE']",Jysk
71,Showcase,Hometown Engineered Wood Display Unit,2889,7927,"['Delivery condition: Knock Down - Delivered in non-assembled pieces, installation by service partner']",Casa Rusu
72,Showcase,Xtenshion Crafts Engineered Wood Display Unit,763,1002,['Delivery condition: Pre Assembled (Ready to Use)'],Casa Rusu
73,Showcase,Sublime Arts WALL FLOATING Engineered Wood Display Unit,571,902,['Delivery condition: Pre Assembled (Ready to Use)'],Mobila Casa
74,Showcase,Flipkart Perfect Homes Studio Multipurpose Wooden Kitch...,1266,4013,"['Delivery condition: DIY - Basic assembly to be done with simple tools by the customer, comes with instructions.','Details: Modern and Sturdy']",Casa Rusu
75,Showcase,Hometown Cash Engineered Wood Display Unit,2156,5920,"['Delivery condition: Knock Down - Delivered in non-assembled pieces, installation by service partner']",FurnitureForYou
76,Showcase,Xtenshion Crafts Interlock Set Of 6 Engineered Wood Dis...,1063,1504,['Delivery condition: Pre Assembled (Ready to Use)'],FurnitureForYou
77,Showcase,Flipkart Perfect Homes Studio Engineered Wood Display U...,596,2006,"['Delivery condition: DIY - Basic assembly to be done with simple tools by the customer, comes with instructions.']",Mobila Casa
78,Showcase,StyleWud Ivy shelf Engineered Wood Display Unit,491,1203,"['Delivery condition: DIY - Basic assembly to be done with simple tools by the customer, comes with instructions.']",Dedeman
79,Showcase,Porpoise Acrylic Jewellery Tray Organizer serving Tray ...,803,2006,['Delivery condition: Pre Assembled (Ready to Use)'],Ikea
80,Showcase,Flipkart Perfect Homes Studio Wooden Wall Mounted Float...,1363,5016,"['Delivery condition: DIY - Basic assembly to be done with simple tools by the customer, comes with instructions.']",Casa Magica
81,Showcase,Xtenshion Crafts Set up box stand Engineered Wood Displ...,682,1002,['Delivery condition: Pre Assembled (Ready to Use)'],Mobila Casa
82,Showcase,Xtenshion Crafts Engineered Wood Display Unit,708,1002,['Delivery condition: Pre Assembled (Ready to Use)'],Mob Expert
84,Showcase,King Decore Engineered Wood Display Unit,451,1997,"['Delivery condition: DIY - Basic assembly to be done with simple tools by the customer, comes with instructions.']",Ikea
85,Showcase,Teakwood stb01 Engineered Wood Display Unit,400,1203,"['Delivery condition: DIY - Basic assembly to be done with simple tools by the customer, comes with instructions.']",Mob Expert
86,Showcase,all crafts art U rack wall shelf Solid Wood Display Uni...,451,1355,"['Delivery condition: Pre Assembled (Ready to Use)','Details: Yes']",Casa Rusu
88,Showcase,Decorhand Wall Mount Intersecting Hexagon Wall Shelves ...,1845,4013,['Delivery condition: Pre Assembled (Ready to Use)'],Dedeman
89,Showcase,Raj Handicrafts Engineered Wood Display Unit,692,1204,['Delivery condition: Pre Assembled (Ready to Use)'],Mobila Casa
90,Showcase,Teakwood stb05 Engineered Wood Display Unit,360,1203,"['Delivery condition: DIY - Basic assembly to be done with simple tools by the customer, comes with instructions.']",Casa Rusu
93,Showcase,classiconline Wall Mount Corner 5 Tier Engineered Wood ...,717,1604,['Delivery condition: Pre Assembled (Ready to Use)'],Casa Magica
94,Showcase,KAWACHI Wooden Corner Display Cabinet Bookshelf Rack wi...,6672,12041,"['Delivery condition: DIY - Basic assembly to be done with simple tools by the customer, comes with instructions.','Details: wooden display cabinet']",Casa Rusu
95,Showcase,Star Handicrafts Engineered Wood Display Unit,979,3009,['Delivery condition: Pre Assembled (Ready to Use)'],Mob Expert
96,Showcase,woodinto NHDB Engineered Wood Display Unit,641,1303,"['Delivery condition: Pre Assembled (Ready to Use)','Details: shelf,wall shelf']",Mobila Casa
97,Showcase,ekart portal Intersecting Wall Mount Wall Shelf Five Wa...,1201,2006,"['Delivery condition: DIY - Basic assembly to be done with simple tools by the customer, comes with instructions.','Details: NEW LOOK SHELF']",Dedeman
98,Showcase,"King Decore wall salave , display unit , setupbox self ...",400,802,"['Delivery condition: DIY - Basic assembly to be done with simple tools by the customer, comes with instructions.']",Casa Rusu
100,Showcase,7CR Display 3 in 1 LRL Shelf Engineered Wood Display Un...,1021,3009,"['Delivery condition: DIY - Basic assembly to be done with simple tools by the customer, comes with instructions.','Details: 100% HDF Board']",Mobila Casa
101,Showcase,FUTURE GENERATION A GROUP Engineered Wood Display Unit,753,753,"['Delivery condition: Pre Assembled (Ready to Use)','Details: WALL DECORATIVE']",Ikea
102,Showcase,classiconline Engineered Wood Display Unit,800,2608,['Delivery condition: Pre Assembled (Ready to Use)'],Dedeman
103,Showcase,Hometown Engineered Wood Display Unit,3322,9231,"['Delivery condition: Knock Down - Delivered in non-assembled pieces, installation by service partner']",Mobila Casa
104,Showcase,Flipkart Perfect Homes Studio KR-3-Beige Engineered Woo...,1074,2006,"['Delivery condition: DIY - Basic assembly to be done with simple tools by the customer, comes with instructions.','Details: MULTIPURPOSE SHELF,HOME WALL DECOR,PERFECT WALL SHELVES,DECORATIVE']",Jysk
105,Showcase,classiconline Set of 6 Engineered Wood Display Unit,1203,1604,['Delivery condition: Pre Assembled (Ready to Use)'],FurnitureForYou
106,Showcase,"SS ARTS Multi Purpose Living Room, Bedroom Wall Corner ...",2344,5007,"['Delivery condition: DIY - Basic assembly to be done with simple tools by the customer, comes with instructions.']",Mobila Casa
108,Showcase,woodinzo Solid Wood Display Unit,1103,2307,['Delivery condition: Pre Assembled (Ready to Use)'],Casa Magica
109,Showcase,Maaz Handicrafts White & Yellow Cube 6 &Storage Wall Sh...,988,1404,"['Delivery condition: DIY - Basic assembly to be done with simple tools by the customer, comes with instructions.']",Mob Expert
110,Showcase,classiconline Engineered Wood Display Unit,762,1002,['Delivery condition: Pre Assembled (Ready to Use)'],Mob Expert
112,Showcase,King Decore Engineered Wood Display Unit,250,701,"['Delivery condition: DIY - Basic assembly to be done with simple tools by the customer, comes with instructions.']",Dedeman
113,Showcase,Flipkart Perfect Homes Studio Wooden Wall Mounted Racks...,1169,3060,"['Delivery condition: DIY - Basic assembly to be done with simple tools by the customer, comes with instructions.']",Casa Rusu
114,Showcase,"Karam Collections Ted Wall Shelf (Matt Finish, SKY BLUE...",501,1419,"['Delivery condition: DIY - Basic assembly to be done with simple tools by the customer, comes with instructions.']",Casa Rusu
116,Showcase,Universal Handicraft Engineered Wood Display Unit,1103,2172,"['Delivery condition: DIY - Basic assembly to be done with simple tools by the customer, comes with instructions.']",Jysk
118,Showcase,Sublime Arts Engineered Wood Display Unit,341,642,['Delivery condition: Pre Assembled (Ready to Use)'],FurnitureForYou
119,Showcase,Hometown Cash Engineered Wood Display Unit,2156,5920,"['Delivery condition: Knock Down - Delivered in non-assembled pieces, installation by service partner']",Jysk
120,Showcase,ZIARO 5-Tier 30X30 Multipurpose Turn-N-Tube Quad Circle...,1504,3009,"['Delivery condition: DIY - Basic assembly to be done with simple tools by the customer, comes with instructions.']",Ikea
121,Showcase,Aaliya mart attach 4 wall shelf Solid Wood Display Unit,732,1303,['Delivery condition: Pre Assembled (Ready to Use)'],Dedeman
122,Showcase,classiconline Wall Mount U Shelf Set Of 3 Engineered Wo...,601,902,['Delivery condition: Pre Assembled (Ready to Use)'],Mobila Casa
123,Showcase,Flipkart Perfect Homes Studio KR-02-Beige Engineered Wo...,715,1604,"['Delivery condition: DIY - Basic assembly to be done with simple tools by the customer, comes with instructions.','Details: Easy Cleaning,Huge Storage Space,Good Looking,Heavy and Strong']",Mob Expert
124,Showcase,Extend Crafts Wooden Wall Setup box Stand wall mount T ...,662,1271,['Delivery condition: Pre Assembled (Ready to Use)'],Casa Magica
125,Showcase,woodinto Wooden Rafuf Intersecting Wall Shelves (Set of...,1504,3009,"['Delivery condition: DIY - Basic assembly to be done with simple tools by the customer, comes with instructions.','Details: decorative wall shelve']",FurnitureForYou
126,Showcase,Maaz Handicrafts Wall Set Top Box Stand Shelf(Brown) So...,582,864,"['Delivery condition: DIY - Basic assembly to be done with simple tools by the customer, comes with instructions.']",Casa Magica
127,Showcase,Flipkart Perfect Homes Studio KR-02-White Engineered Wo...,715,1504,"['Delivery condition: DIY - Basic assembly to be done with simple tools by the customer, comes with instructions.','Details: Easy Cleaning,Huge Storage Space,Good Looking,Heavy and Strong']",Jysk
128,Showcase,SS ARTS Decorative Multi Purpose Standing Storage Shelv...,3411,6577,"['Delivery condition: DIY - Basic assembly to be done with simple tools by the customer, comes with instructions.']",Dedeman
130,Showcase,Sublime Arts NEW DESIGNED WALL MOUNTED BLACK SET TOP BO...,400,502,['Delivery condition: Pre Assembled (Ready to Use)'],Ikea
132,Showcase,"Karam Collections Ronald Wall Shelf, Set of 3 (Matt Fin...",601,701,['Delivery condition: Pre Assembled (Ready to Use)'],Dedeman
133,Showcase,Maaz Handicrafts Solid Wood Display Unit,601,758,"['Delivery condition: DIY - Basic assembly to be done with simple tools by the customer, comes with instructions.']",Dedeman
134,Showcase,Yasar Handicrafts Engineered Wood Display Unit,752,1906,['Delivery condition: Pre Assembled (Ready to Use)'],Casa Magica
135,Showcase,Star Handicrafts Engineered Wood Display Unit,979,3009,['Delivery condition: Pre Assembled (Ready to Use)'],FurnitureForYou
136,Showcase,Yasar Handicrafts Engineered Wood Display Unit,1303,3310,"['Delivery condition: DIY - Basic assembly to be done with simple tools by the customer, comes with instructions.']",Dedeman
137,Showcase,VEINSART Solid Wood Display Unit,701,802,"['Delivery condition: DIY - Basic assembly to be done with simple tools by the customer, comes with instructions.']",Mobila Casa
138,Showcase,7CR Display Right & Left Shelf (B) Engineered Wood Disp...,936,2006,"['Delivery condition: DIY - Basic assembly to be done with simple tools by the customer, comes with instructions.','Details: 100% HDF board']",FurnitureForYou
140,Showcase,woodinto Solid Wood Display Unit,1504,2507,"['Delivery condition: DIY - Basic assembly to be done with simple tools by the customer, comes with instructions.']",Casa Magica
142,Showcase,Raj Handicrafts Engineered Wood Display Unit,752,1002,['Delivery condition: Pre Assembled (Ready to Use)'],Casa Rusu
144,Showcase,woodinto MDF Intersecting Wall Shelf Engineered Wood Di...,802,1604,"['Delivery condition: Pre Assembled (Ready to Use)','Details: shelf,wall shelf']",Dedeman
145,Showcase,woodinto YUGB Engineered Wood Display Unit,641,1002,"['Delivery condition: Pre Assembled (Ready to Use)','Details: shelf,wall shelf']",Mob Expert
146,Showcase,Decorhand Wall Mount Intersecting Hexagon Wall Shelves ...,1845,3511,['Delivery condition: Pre Assembled (Ready to Use)'],Jysk
147,Showcase,Mrmart Engineered Wood Display Unit,1153,2608,['Delivery condition: Pre Assembled (Ready to Use)'],Mob Expert
148,Showcase,Maaz Handicrafts Wooden Wall Mount Corner Engineered Wo...,690,1303,"['Delivery condition: DIY - Basic assembly to be done with simple tools by the customer, comes with instructions.','Details: Wooden Wall Mount']",Casa Magica
150,Showcase,VEINSART Solid Wood Display Unit,992,2307,"['Delivery condition: DIY - Basic assembly to be done with simple tools by the customer, comes with instructions.']",Mob Expert
151,Showcase,Hometown Engineered Wood Display Unit,2889,7927,"['Delivery condition: Knock Down - Delivered in non-assembled pieces, installation by service partner']",Ikea
152,Showcase,wooden cave Globe shape wall shelf for home decor | Whi...,876,2106,"['Delivery condition: DIY - Basic assembly to be done with simple tools by the customer, comes with instructions.','Details: Globe shape']",Ikea
154,Showcase,7CR Engineered Wood Display Unit,681,3009,"['Delivery condition: DIY - Basic assembly to be done with simple tools by the customer, comes with instructions.']",Casa Rusu
155,Showcase,Hometown Cash Engineered Wood Display Unit,2156,5920,"['Delivery condition: Knock Down - Delivered in non-assembled pieces, installation by service partner']",Casa Magica
157,Showcase,classiconline Solid Wood Display Unit,627,1002,['Delivery condition: Pre Assembled (Ready to Use)'],FurnitureForYou
158,Showcase,classiconline Engineered Wood Display Unit,802,1604,['Delivery condition: Pre Assembled (Ready to Use)'],Ikea
159,Showcase,Porpoise Acrylic Jewellery Tray Organizer serving Tray ...,803,2006,['Delivery condition: Pre Assembled (Ready to Use)'],Jysk
160,Showcase,classiconline Set of 4 Engineered Wood Display Unit,813,1002,['Delivery condition: Pre Assembled (Ready to Use)'],Dedeman
161,Showcase,classiconline Wall Mount Corner 5 Tier Engineered Wood ...,708,1604,['Delivery condition: Pre Assembled (Ready to Use)'],Mobila Casa
163,Showcase,Flipkart Perfect Homes Studio KR-02-Beige Engineered Wo...,715,1604,"['Delivery condition: DIY - Basic assembly to be done with simple tools by the customer, comes with instructions.','Details: Easy Cleaning,Huge Storage Space,Good Looking,Heavy and Strong']",Ikea
164,Showcase,all crafts art Wall Rack Shelf Globe Shape Floating Wal...,823,1203,"['Delivery condition: Pre Assembled (Ready to Use)','Details: no']",Mobila Casa
165,Showcase,7CR Display 4x4 Shelf Engineered Wood Display Unit,640,3009,"['Delivery condition: DIY - Basic assembly to be done with simple tools by the customer, comes with instructions.','Details: 100 % HDF board']",Mobila Casa
166,Showcase,Karam Collections 8 wala plus untility shelf (Brown) En...,858,1480,"['Delivery condition: DIY - Basic assembly to be done with simple tools by the customer, comes with instructions.']",Mob Expert
168,Showcase,Hubwooden Hubwooden Hexagon Wall Shelf Wooden Wall Shel...,621,1705,"['Delivery condition: DIY - Basic assembly to be done with simple tools by the customer, comes with instructions.']",Casa Magica
169,Showcase,ZIARO Plastic Display Unit,1405,3009,"['Delivery condition: DIY - Basic assembly to be done with simple tools by the customer, comes with instructions.']",Mobila Casa
170,Showcase,Karam Collections Ted Wall Shelf (Orange) Engineered Wo...,489,1203,"['Delivery condition: DIY - Basic assembly to be done with simple tools by the customer, comes with instructions.']",Jysk
172,Showcase,"King Decore wall salave , display unit , setupbox self ...",451,802,"['Delivery condition: DIY - Basic assembly to be done with simple tools by the customer, comes with instructions.']",Dedeman
173,Showcase,Flipkart Perfect Homes Studio Wooden Kitchen Wall Shelf...,1072,4013,"['Delivery condition: DIY - Basic assembly to be done with simple tools by the customer, comes with instructions.']",Jysk
174,Showcase,"classiconline Style Living Room Wall Hanging, Iron Shel...",1303,1604,['Delivery condition: Pre Assembled (Ready to Use)'],FurnitureForYou
176,Showcase,Hubwooden Engineered Wood Display Unit,1301,2507,"['Delivery condition: DIY - Basic assembly to be done with simple tools by the customer, comes with instructions.']",Casa Rusu
177,Showcase,King Decore Engineered Wood Display Unit,350,802,"['Delivery condition: DIY - Basic assembly to be done with simple tools by the customer, comes with instructions.']",Casa Rusu
178,Showcase,FUTURE GENERATION V GROUP Engineered Wood Display Unit,651,1905,"['Delivery condition: Pre Assembled (Ready to Use)','Details: WALL DECORATIVE']",Ikea
180,Showcase,Karam Collections MDF Wall Decoration Intersecting Floa...,1485,2776,"['Delivery condition: DIY - Basic assembly to be done with simple tools by the customer, comes with instructions.']",Casa Magica
182,Showcase,VEINSART Solid Wood Display Unit,2006,2307,"['Delivery condition: DIY - Basic assembly to be done with simple tools by the customer, comes with instructions.']",Ikea
184,Showcase,woodinto Engineered Wood Display Unit,1193,2207,"['Delivery condition: DIY - Basic assembly to be done with simple tools by the customer, comes with instructions.','Details: WALL SHELF']",Ikea
185,Showcase,"King Decore COUPLE SHELF , LOVE , WALL SALAVE, SHELF , ...",250,802,"['Delivery condition: DIY - Basic assembly to be done with simple tools by the customer, comes with instructions.']",Jysk
186,Showcase,Maaz Handicrafts Solid Wood Display Unit,1244,1249,"['Delivery condition: DIY - Basic assembly to be done with simple tools by the customer, comes with instructions.']",Casa Rusu
187,Showcase,Mrmart Engineered Wood Display Unit,902,1504,['Delivery condition: Pre Assembled (Ready to Use)'],Dedeman
188,Showcase,VEINSART Solid Wood Display Unit,722,1604,"['Delivery condition: DIY - Basic assembly to be done with simple tools by the customer, comes with instructions.']",Dedeman
190,Showcase,all crafts art Zig zeg wall shelf Engineered Wood Displ...,802,1303,"['Delivery condition: Pre Assembled (Ready to Use)','Details: yes']",Mobila Casa
191,Showcase,Mrmart Engineered Wood Display Unit,1153,2608,['Delivery condition: Pre Assembled (Ready to Use)'],Jysk
192,Showcase,"Karam Collections Wall Shelf, Set of 3 (Matt Finish, SK...",601,1358,['Delivery condition: Pre Assembled (Ready to Use)'],Mob Expert
193,Showcase,Hometown Cash Engineered Wood Display Unit,2156,5920,"['Delivery condition: Knock Down - Delivered in non-assembled pieces, installation by service partner']",Mobila Casa
194,Showcase,7CR Engineered Wood Display Unit,801,3009,"['Delivery condition: DIY - Basic assembly to be done with simple tools by the customer, comes with instructions.']",FurnitureForYou
195,Showcase,Hometown Engineered Wood Display Unit,2889,7927,"['Delivery condition: Knock Down - Delivered in non-assembled pieces, installation by service partner']",FurnitureForYou
196,Showcase,Aaliya mart 5 SHELF UTILITY ZIG ZAG Engineered Wood Dis...,802,1604,['Delivery condition: Pre Assembled (Ready to Use)'],FurnitureForYou
197,Showcase,classiconline Set of 6 Engineered Wood Display Unit,1203,1604,['Delivery condition: Pre Assembled (Ready to Use)'],Mobila Casa
199,Showcase,Porpoise Acrylic Jewellery Tray Organizer serving Tray ...,803,2006,['Delivery condition: Pre Assembled (Ready to Use)'],Dedeman
200,Showcase,"classiconline Style Living Room Wall Hanging, Iron Shel...",1555,2006,['Delivery condition: Pre Assembled (Ready to Use)'],Casa Rusu
201,Showcase,woodinto Exclusvely Launched Drawers Engineered Wood Di...,1203,3009,"['Delivery condition: Pre Assembled (Ready to Use)','Details: UNIQUE DESINGED,shelf for wall,drawers for office']",Casa Magica
202,Showcase,Sublime Arts Engineered Wood Display Unit,500,1294,['Delivery condition: Pre Assembled (Ready to Use)'],Jysk
204,Showcase,Decorhand Solid Wood Display Unit,2507,4013,['Delivery condition: Pre Assembled (Ready to Use)'],FurnitureForYou
206,Showcase,Hubwooden Engineered Wood Display Unit,701,2006,['Delivery condition: Pre Assembled (Ready to Use)'],Mob Expert
207,Showcase,Flipkart Perfect Homes Studio KR-02-White Engineered Wo...,715,1504,"['Delivery condition: DIY - Basic assembly to be done with simple tools by the customer, comes with instructions.','Details: Easy Cleaning,Huge Storage Space,Good Looking,Heavy and Strong']",Mobila Casa
208,Showcase,Raj Handicrafts Engineered Wood Display Unit,692,1280,['Delivery condition: Pre Assembled (Ready to Use)'],FurnitureForYou
210,Showcase,Aaliya mart 5 SHELF UTILITY ZIG ZAG Engineered Wood Dis...,752,1604,['Delivery condition: Pre Assembled (Ready to Use)'],Casa Magica
211,Showcase,Flipkart Perfect Homes Studio Engineered Wood Display U...,715,1604,"['Delivery condition: DIY - Basic assembly to be done with simple tools by the customer, comes with instructions.']",Casa Rusu
212,Showcase,7CR Display P-Home Kh-10 Shelf (B) Engineered Wood Disp...,1108,2004,"['Delivery condition: DIY - Basic assembly to be done with simple tools by the customer, comes with instructions.','Details: 100% HDF board']",Mobila Casa
213,Showcase,Teakwood stb03 Engineered Wood Display Unit,360,1203,"['Delivery condition: DIY - Basic assembly to be done with simple tools by the customer, comes with instructions.']",FurnitureForYou
216,Showcase,VEINSART Solid Wood Display Unit,2006,2307,"['Delivery condition: DIY - Basic assembly to be done with simple tools by the customer, comes with instructions.']",Jysk
217,Showcase,Decorhand Solid Wood Display Unit,2507,4013,['Delivery condition: Pre Assembled (Ready to Use)'],Jysk
218,Showcase,"Alluringwood Zig Zag Corner Wall Mount Shelf, Racks and...",812,2507,"['Delivery condition: DIY - Basic assembly to be done with simple tools by the customer, comes with instructions.']",Casa Rusu
221,Showcase,classiconline Wall Mount Corner 2 Tier Engineered Wood ...,601,1604,['Delivery condition: Pre Assembled (Ready to Use)'],Casa Magica
222,Showcase,"King Decore TAJ MAHEL SHELF , WALL SALAVE, SHELF , WALL...",250,802,"['Delivery condition: DIY - Basic assembly to be done with simple tools by the customer, comes with instructions.']",Mobila Casa
223,Showcase,Hometown Engineered Wood Display Unit,3322,9231,"['Delivery condition: Knock Down - Delivered in non-assembled pieces, installation by service partner']",Jysk
224,Showcase,Wallwey d√©cor STB10003 Engineered Wood Display Unit,451,1356,"['Delivery condition: DIY - Basic assembly to be done with simple tools by the customer, comes with instructions.']",Dedeman
225,Showcase,Xtenshion Crafts Interlock Set Of 6 Engineered Wood Dis...,1503,1504,['Delivery condition: Pre Assembled (Ready to Use)'],Ikea
229,Showcase,7CR Display Infinity Shelf (B) Engineered Wood Display ...,801,2006,"['Delivery condition: DIY - Basic assembly to be done with simple tools by the customer, comes with instructions.','Details: 100 % HDF board']",Mob Expert
230,Showcase,7CR Display 4 Block Shelf (B) Engineered Wood Display U...,1170,3009,"['Delivery condition: DIY - Basic assembly to be done with simple tools by the customer, comes with instructions.','Details: 100% HDF board']",Dedeman
232,Showcase,VEINSART Engineered Wood Display Unit,2006,2307,"['Delivery condition: DIY - Basic assembly to be done with simple tools by the customer, comes with instructions.']",Mob Expert
233,Showcase,VEINSART Solid Wood Display Unit,2006,3010,"['Delivery condition: DIY - Basic assembly to be done with simple tools by the customer, comes with instructions.']",FurnitureForYou
234,Showcase,Aaliya mart attach 4 wall shelf Solid Wood Display Unit,732,1303,['Delivery condition: Pre Assembled (Ready to Use)'],Casa Rusu
236,Showcase,SS ARTS Engineered Wood Display Unit,2655,6010,"['Delivery condition: DIY - Basic assembly to be done with simple tools by the customer, comes with instructions.']",Jysk
237,Showcase,Yasar Handicrafts Engineered Wood Display Unit,752,1906,['Delivery condition: Pre Assembled (Ready to Use)'],Mobila Casa
238,Showcase,classiconline Set of 4 Engineered Wood Display Unit,802,1002,['Delivery condition: Pre Assembled (Ready to Use)'],Jysk
240,Showcase,King Decore love selfdisplay unit wall self wall art wa...,400,1604,"['Delivery condition: DIY - Basic assembly to be done with simple tools by the customer, comes with instructions.']",Mobila Casa
241,Showcase,ALTECH Engineered Wood Display Unit,430,1604,"['Delivery condition: DIY - Basic assembly to be done with simple tools by the customer, comes with instructions.']",Dedeman
242,Showcase,7CR Display 3x3 Shelf Engineered Wood Display Unit,511,2507,"['Delivery condition: DIY - Basic assembly to be done with simple tools by the customer, comes with instructions.','Details: 100 % HDF board']",Ikea
243,Showcase,Flipkart Perfect Homes Studio KR-02-Beige Engineered Wo...,715,1604,"['Delivery condition: DIY - Basic assembly to be done with simple tools by the customer, comes with instructions.','Details: Easy Cleaning,Huge Storage Space,Good Looking,Heavy and Strong']",Mobila Casa
245,Showcase,classiconline Wall Mount Corner 4 Tier Engineered Wood ...,649,1504,['Delivery condition: Pre Assembled (Ready to Use)'],FurnitureForYou
246,Showcase,Sublime Arts Engineered Wood Display Unit,701,1002,['Delivery condition: Pre Assembled (Ready to Use)'],Mobila Casa
247,Showcase,Flipkart Perfect Homes Studio KR-02-White Engineered Wo...,715,1504,"['Delivery condition: DIY - Basic assembly to be done with simple tools by the customer, comes with instructions.','Details: Easy Cleaning,Huge Storage Space,Good Looking,Heavy and Strong']",FurnitureForYou
249,Showcase,PLATINUM WOOD DECOR Solid Sheesham Wood Corner Stand Wi...,7434,14548,"['Delivery condition: Pre Assembled (Ready to Use)','Details: Portable,Lacquered finish,Solid sheesham wood,Easy to use,Floor standing']",Dedeman
250,Showcase,VEINSART Solid Wood Display Unit,1002,1103,"['Delivery condition: DIY - Basic assembly to be done with simple tools by the customer, comes with instructions.']",Casa Magica
254,Showcase,VEINSART Engineered Wood Display Unit,2006,2307,"['Delivery condition: DIY - Basic assembly to be done with simple tools by the customer, comes with instructions.']",FurnitureForYou
255,Showcase,Star Handicrafts Engineered Wood Display Unit,979,3009,['Delivery condition: Pre Assembled (Ready to Use)'],Dedeman
256,Showcase,classiconline Set of 4 Engineered Wood Display Unit,802,1404,['Delivery condition: Pre Assembled (Ready to Use)'],Casa Magica
258,Showcase,woodinto Setup Box Stand / Holder / Wifi Holder Enginee...,501,802,"['Delivery condition: Pre Assembled (Ready to Use)','Details: display unit']",Casa Rusu
260,Showcase,VEINSART Solid Wood Display Unit,601,1604,"['Delivery condition: DIY - Basic assembly to be done with simple tools by the customer, comes with instructions.']",Casa Rusu
261,Showcase,Sublime Arts Engineered Wood Display Unit,1303,1605,['Delivery condition: Pre Assembled (Ready to Use)'],Ikea
265,Showcase,Angel Furniture Solid Wood Display Unit,18352,30101,"['Delivery condition: Pre Assembled (Ready to Use)','Details: N/A']",Jysk
266,Showcase,Amaze Shoppee Engineered Wood Display Unit,1002,4013,"['Delivery condition: DIY - Basic assembly to be done with simple tools by the customer, comes with instructions.']",FurnitureForYou
268,Showcase,Flipkart Perfect Homes Studio Engineered Wood Display U...,1363,5016,"['Delivery condition: DIY - Basic assembly to be done with simple tools by the customer, comes with instructions.']",Jysk
270,Showcase,classiconline Wall Mount Corner 5 Tier Engineered Wood ...,717,1604,['Delivery condition: Pre Assembled (Ready to Use)'],Dedeman
272,Showcase,classiconline Wall Mount Corner 3 Tier Engineered Wood ...,682,1604,['Delivery condition: Pre Assembled (Ready to Use)'],Mobila Casa
273,Showcase,Xtenshion Crafts Engineered Wood Display Unit,802,1002,['Delivery condition: Pre Assembled (Ready to Use)'],FurnitureForYou
274,Showcase,GUDSMITH Engineered Wood Display Unit,15253,36721,"['Delivery condition: Knock Down - Delivered in non-assembled pieces, installation by service partner']",Casa Magica
276,Showcase,woodinto Engineered Wood Display Unit,802,1303,['Delivery condition: Pre Assembled (Ready to Use)'],Mobila Casa
277,Showcase,classiconline Set of 3 Engineered Wood Display Unit,753,902,['Delivery condition: Pre Assembled (Ready to Use)'],Mobila Casa
278,Showcase,classiconline Set of 6 Engineered Wood Display Unit,1203,1604,['Delivery condition: Pre Assembled (Ready to Use)'],Casa Rusu
279,Showcase,Hometown Cash Engineered Wood Display Unit,2156,5920,"['Delivery condition: Knock Down - Delivered in non-assembled pieces, installation by service partner']",Mob Expert
280,Showcase,classiconline Wall Mount U Shelf Set Of 3 Engineered Wo...,601,902,['Delivery condition: Pre Assembled (Ready to Use)'],Dedeman
282,Showcase,ARTIFACTS'OCEAN Solid Wood Display Unit,1805,3912,"['Delivery condition: DIY - Basic assembly to be done with simple tools by the customer, comes with instructions.']",Mobila Casa
283,Showcase,Flipkart Perfect Homes Studio KR-02-Beige Engineered Wo...,715,1604,"['Delivery condition: DIY - Basic assembly to be done with simple tools by the customer, comes with instructions.','Details: Easy Cleaning,Huge Storage Space,Good Looking,Heavy and Strong']",Dedeman
284,Showcase,classiconline Wall Mount Corner 5 Tier Engineered Wood ...,802,1604,['Delivery condition: Pre Assembled (Ready to Use)'],Casa Rusu
285,Showcase,Decorhand Intersecting MDF Wall Shelves Set of 6 Solid ...,1444,3009,['Delivery condition: Pre Assembled (Ready to Use)'],Jysk
286,Showcase,Xtenshion Crafts Engineered Wood Display Unit,802,1002,['Delivery condition: Pre Assembled (Ready to Use)'],Casa Magica
288,Showcase,classiconline Wall Mount Corner Engineered Wood Display...,701,1604,['Delivery condition: Pre Assembled (Ready to Use)'],Dedeman
289,Showcase,Maaz Handicrafts Wall Set Top Box Stand Shelf{Black) So...,447,574,"['Delivery condition: DIY - Basic assembly to be done with simple tools by the customer, comes with instructions.']",Jysk
290,Showcase,"Karam Collections Wall Shelf (Matt Finish, Black) Engin...",441,988,"['Delivery condition: DIY - Basic assembly to be done with simple tools by the customer, comes with instructions.']",Ikea
292,Showcase,KRIJEN Metal Display Unit,1604,3209,['Delivery condition: Pre Assembled (Ready to Use)'],Mob Expert
293,Showcase,Sublime Arts WALL FLOATING Engineered Wood Display Unit,1303,1522,['Delivery condition: Pre Assembled (Ready to Use)'],Ikea
296,Showcase,VEINSART Engineered Wood Display Unit,2006,2307,"['Delivery condition: DIY - Basic assembly to be done with simple tools by the customer, comes with instructions.']",Casa Rusu
300,Showcase,GUDSMITH Engineered Wood Display Unit,16314,36725,"['Delivery condition: Knock Down - Delivered in non-assembled pieces, installation by service partner']",Mob Expert
301,Showcase,classiconline Wall Mount U Shelf Set Of 3 Engineered Wo...,601,902,['Delivery condition: Pre Assembled (Ready to Use)'],Casa Rusu
302,Showcase,woodinto UXD Engineered Wood Display Unit,782,1303,"['Delivery condition: Pre Assembled (Ready to Use)','Details: UNIQUE DESINGED']",Ikea
306,Showcase,J D DECOR Sheesham Wood Wall Mount Display Shelf (Pack ...,3210,3953,"['Delivery condition: DIY - Basic assembly to be done with simple tools by the customer, comes with instructions.']",Dedeman
308,Showcase,classiconline Wall Mount Corner 4 Tier Engineered Wood ...,813,1604,['Delivery condition: Pre Assembled (Ready to Use)'],Mob Expert
309,Showcase,Karam Collections Wall Shelf Rack Set of 3 Intersecting...,701,1028,['Delivery condition: Pre Assembled (Ready to Use)'],Jysk
312,Showcase,wellgood Solid Wood Display Unit,4514,10033,['Delivery condition: Pre Assembled (Ready to Use)'],Mobila Casa
313,Showcase,classiconline Engineered Wood Display Unit,682,1604,['Delivery condition: Pre Assembled (Ready to Use)'],Casa Magica
314,Showcase,Aaliya mart attach 4 wall shelf Solid Wood Display Unit,732,1303,['Delivery condition: Pre Assembled (Ready to Use)'],Mobila Casa
318,Showcase,GUDSMITH Engineered Wood Display Unit,12720,28725,"['Delivery condition: Knock Down - Delivered in non-assembled pieces, installation by service partner']",Ikea
319,Showcase,Hometown Cash Engineered Wood Display Unit,2156,5920,"['Delivery condition: Knock Down - Delivered in non-assembled pieces, installation by service partner']",Dedeman
321,Showcase,classiconline Wall Mount Corner 3 Tier Engineered Wood ...,682,1604,['Delivery condition: Pre Assembled (Ready to Use)'],Jysk
322,Showcase,Universal Handicraft Engineered Wood Display Unit,1102,1505,['Delivery condition: Pre Assembled (Ready to Use)'],Casa Magica
324,Showcase,classiconline Engineered Wood Display Unit,717,1604,['Delivery condition: Pre Assembled (Ready to Use)'],FurnitureForYou
325,Showcase,VEINSART Engineered Wood Display Unit,1504,1604,"['Delivery condition: DIY - Basic assembly to be done with simple tools by the customer, comes with instructions.']",Mobila Casa
326,Showcase,ARTIFACTS'OCEAN Metal Display Unit,1002,1805,['Delivery condition: Pre Assembled (Ready to Use)'],Dedeman
327,Showcase,Flipkart Perfect Homes Studio KR-02-White Engineered Wo...,715,1504,"['Delivery condition: DIY - Basic assembly to be done with simple tools by the customer, comes with instructions.','Details: Easy Cleaning,Huge Storage Space,Good Looking,Heavy and Strong']",Mob Expert
328,Showcase,Yasar Handicrafts Engineered Wood Display Unit,1303,3462,"['Delivery condition: DIY - Basic assembly to be done with simple tools by the customer, comes with instructions.']",Mob Expert
330,Showcase,"Wooden Art & Toys WallShelf for Living Room, Bedroom,Of...",1103,1605,['Delivery condition: Pre Assembled (Ready to Use)'],FurnitureForYou
332,Showcase,woodinto intersecting wall shelf Engineered Wood Displa...,1203,1303,['Delivery condition: Pre Assembled (Ready to Use)'],Mob Expert
333,Showcase,Flipkart Perfect Homes Studio KR-03-B;ack Engineered Wo...,1074,2006,"['Delivery condition: DIY - Basic assembly to be done with simple tools by the customer, comes with instructions.']",Mobila Casa
334,Showcase,classiconline Set of 6 Engineered Wood Display Unit,1203,1604,['Delivery condition: Pre Assembled (Ready to Use)'],Casa Magica
336,Showcase,Captiver Engineered Wood Wall Mounted Books Shelf Racks...,1504,3009,"['Delivery condition: DIY - Basic assembly to be done with simple tools by the customer, comes with instructions.','Details: Display Rack']",Ikea
337,Showcase,classiconline Wall Mount Corner 5 Tier Engineered Wood ...,802,1604,['Delivery condition: Pre Assembled (Ready to Use)'],FurnitureForYou
338,Showcase,all crafts art 6 squire cube sorage Engineered Wood Dis...,1224,1248,"['Delivery condition: Pre Assembled (Ready to Use)','Details: Yes']",FurnitureForYou
340,Showcase,OKASHA Solid Wood Display Unit,762,2006,['Delivery condition: Pre Assembled (Ready to Use)'],Mobila Casa
341,Showcase,ZIARO Solid Wood Display Unit,1203,2006,"['Delivery condition: DIY - Basic assembly to be done with simple tools by the customer, comes with instructions.']",Mob Expert
345,Showcase,woodinto RXT Engineered Wood Display Unit,802,1303,['Delivery condition: Pre Assembled (Ready to Use)'],Dedeman
352,Showcase,Captiver Corner Wall Shelf Wenge Set of 4 (25X25X1.1) c...,1504,3511,"['Delivery condition: Pre Assembled (Ready to Use)','Details: Wall Shelf']",Jysk
354,Showcase,King Decore love selfdisplay unit wall self wall art wa...,400,1604,"['Delivery condition: DIY - Basic assembly to be done with simple tools by the customer, comes with instructions.']",FurnitureForYou
356,Showcase,woodinto HYEG Solid Wood Display Unit,842,1303,"['Delivery condition: DIY - Basic assembly to be done with simple tools by the customer, comes with instructions.']",Ikea
361,Showcase,"Alluringwood Zig Zag Corner Wall Mount Shelf, Racks and...",812,2407,"['Delivery condition: DIY - Basic assembly to be done with simple tools by the customer, comes with instructions.']",Dedeman
365,Showcase,Das Romana Engineered Wood Display Unit,2122,4013,"['Delivery condition: DIY - Basic assembly to be done with simple tools by the customer, comes with instructions.']",Mobila Casa
368,Showcase,classiconline Set of 3 Engineered Wood Display Unit,753,902,['Delivery condition: Pre Assembled (Ready to Use)'],Dedeman
369,Showcase,Yasar Handicrafts Yasar Handicrafts wall shelves Engine...,752,1956,['Delivery condition: Pre Assembled (Ready to Use)'],Mobila Casa
370,Showcase,classiconline Set of 3 Engineered Wood Display Unit,753,902,['Delivery condition: Pre Assembled (Ready to Use)'],Casa Rusu
371,Showcase,Flipkart Perfect Homes Studio Engineered Wood Display U...,715,1604,"['Delivery condition: DIY - Basic assembly to be done with simple tools by the customer, comes with instructions.']",FurnitureForYou
374,Showcase,"Alluringwood Zig Zag Corner Wall Mount Shelf, Racks and...",822,2407,"['Delivery condition: DIY - Basic assembly to be done with simple tools by the customer, comes with instructions.']",Mobila Casa
376,Showcase,Sky Art Engineered Wood Display Unit,1254,1303,"['Delivery condition: DIY - Basic assembly to be done with simple tools by the customer, comes with instructions.']",Casa Rusu
378,Showcase,WoodMart Solid Wood Display Unit,2006,3009,['Delivery condition: Pre Assembled (Ready to Use)'],Dedeman
384,Showcase,classiconline Wall Mount U Shelf Set Of 3 Engineered Wo...,601,902,['Delivery condition: Pre Assembled (Ready to Use)'],FurnitureForYou
387,Showcase,Mrmart Engineered Wood Display Unit,902,1504,['Delivery condition: Pre Assembled (Ready to Use)'],FurnitureForYou
389,Showcase,Xtenshion Crafts Engineered Wood Display Unit,802,1002,['Delivery condition: Pre Assembled (Ready to Use)'],Mobila Casa
392,Showcase,classiconline Set of 6 Engineered Wood Display Unit,1203,1604,['Delivery condition: Pre Assembled (Ready to Use)'],Mob Expert
393,Showcase,classiconline Wall Mount Corner 2 Tier Engineered Wood ...,601,1002,['Delivery condition: Pre Assembled (Ready to Use)'],Jysk
400,Showcase,classiconline Set of 3 Engineered Wood Display Unit,753,902,['Delivery condition: Pre Assembled (Ready to Use)'],Jysk
402,Showcase,classiconline Set of 3 Engineered Wood Display Unit,753,902,['Delivery condition: Pre Assembled (Ready to Use)'],Ikea
404,Showcase,classiconline Engineered Wood Display Unit,753,902,['Delivery condition: Pre Assembled (Ready to Use)'],Casa Rusu
410,Showcase,"Alluringwood Zig Zag Corner Wall Mount Shelf, Racks and...",812,2507,"['Delivery condition: DIY - Basic assembly to be done with simple tools by the customer, comes with instructions.']",Ikea
414,Showcase,classiconline Set of 6 Engineered Wood Display Unit,1303,1404,['Delivery condition: Pre Assembled (Ready to Use)'],Jysk
421,Showcase,VEINSART Engineered Wood Display Unit,2006,2307,"['Delivery condition: DIY - Basic assembly to be done with simple tools by the customer, comes with instructions.']",Jysk
433,Showcase,classiconline Set of 6 Engineered Wood Display Unit,1203,1604,['Delivery condition: Pre Assembled (Ready to Use)'],Ikea
440,Showcase,Xtenshion Crafts Interlock Set Of 3 Engineered Wood Dis...,802,1002,['Delivery condition: Pre Assembled (Ready to Use)'],Mob Expert
441,Showcase,"classiconline Style Living Room Wall Hanging, Iron Shel...",1400,2608,['Delivery condition: Pre Assembled (Ready to Use)'],Dedeman
445,Showcase,VEINSART Engineered Wood Display Unit,2006,2307,"['Delivery condition: DIY - Basic assembly to be done with simple tools by the customer, comes with instructions.']",Casa Magica
446,Showcase,Xtenshion Crafts Set Of 3 Engineered Wood Display Unit,802,1002,['Delivery condition: Pre Assembled (Ready to Use)'],Casa Rusu
454,Showcase,brand era zigzag Engineered Wood Display Unit,902,1002,"['Delivery condition: DIY - Basic assembly to be done with simple tools by the customer, comes with instructions.']",Casa Rusu
455,Showcase,Star Handicrafts Engineered Wood Display Unit,979,3009,['Delivery condition: Pre Assembled (Ready to Use)'],Jysk
457,Showcase,OKASHA OKASHA Intersecting Floating Shelves MDF (Number...,762,2006,"['Delivery condition: Pre Assembled (Ready to Use)','Details: Floating Shelves,Super sturdy,PERFECT WALL SHELVES,MULTIPURPOSE SHELF,WALL DECOR,STRONG SUPPORT,USE THEM EVERYWHERE,EASY TO INSTALL']",Dedeman
460,Showcase,Xtenshion Crafts Interlock Set Of 3 Engineered Wood Dis...,802,1002,['Delivery condition: Pre Assembled (Ready to Use)'],Casa Rusu
461,Showcase,classiconline Set of 6 Engineered Wood Display Unit,1203,1604,['Delivery condition: Pre Assembled (Ready to Use)'],Dedeman
462,Showcase,Hubwooden Hubwooden Hexagon Wall Shelf Wooden Wall Shel...,631,1303,"['Delivery condition: DIY - Basic assembly to be done with simple tools by the customer, comes with instructions.']",Mobila Casa
464,Showcase,VEINSART Engineered Wood Display Unit,2006,2307,"['Delivery condition: DIY - Basic assembly to be done with simple tools by the customer, comes with instructions.']",Dedeman
466,Showcase,FUTURE GENERATION A GROUP Engineered Wood Display Unit,723,1438,"['Delivery condition: Pre Assembled (Ready to Use)','Details: WALL DECORATIVE']",Mob Expert
470,Showcase,Maaz Handicrafts Yellow & Red Cube Storage Wall Shelf S...,1254,1303,"['Delivery condition: DIY - Basic assembly to be done with simple tools by the customer, comes with instructions.']",Jysk
472,Showcase,classiconline Wall Mount Corner 5 Tier Engineered Wood ...,802,1604,['Delivery condition: Pre Assembled (Ready to Use)'],Ikea
476,Showcase,Karam Collections Wall Shelf Rack Set of 3 Intersecting...,701,1325,['Delivery condition: Pre Assembled (Ready to Use)'],Dedeman
480,Showcase,"Alluringwood Zig Zag Corner Wall Mount Shelf, Racks and...",812,2407,"['Delivery condition: DIY - Basic assembly to be done with simple tools by the customer, comes with instructions.']",Jysk
483,Showcase,Flipkart Perfect Homes Studio KR-02-Beige Engineered Wo...,715,1604,"['Delivery condition: DIY - Basic assembly to be done with simple tools by the customer, comes with instructions.','Details: Easy Cleaning,Huge Storage Space,Good Looking,Heavy and Strong']",FurnitureForYou
486,Showcase,PLATINUM WOOD DECOR Solid Wood Display Unit,7815,12541,['Delivery condition: Pre Assembled (Ready to Use)'],Dedeman
488,Showcase,"King Decore COUPLE SHELF , LOVE , WALL SALAVE, SHELF , ...",250,802,"['Delivery condition: DIY - Basic assembly to be done with simple tools by the customer, comes with instructions.']",Casa Magica
496,Showcase,OKASHA WALL DECORATING FLOATING SHELVES Solid Wood Disp...,657,1203,['Delivery condition: Pre Assembled (Ready to Use)'],Mobila Casa
510,Showcase,VEINSART Engineered Wood Display Unit,2006,2307,"['Delivery condition: DIY - Basic assembly to be done with simple tools by the customer, comes with instructions.']",Ikea
513,Showcase,classiconline Set of 4 Engineered Wood Display Unit,853,1002,['Delivery condition: Pre Assembled (Ready to Use)'],FurnitureForYou
517,Showcase,classiconline Set of 3 Engineered Wood Display Unit,802,902,['Delivery condition: Pre Assembled (Ready to Use)'],FurnitureForYou
522,Showcase,Raj Handicrafts Engineered Wood Display Unit,752,1434,['Delivery condition: Pre Assembled (Ready to Use)'],Mob Expert
531,Showcase,Flipkart Perfect Homes Studio Engineered Wood Display U...,715,1604,"['Delivery condition: DIY - Basic assembly to be done with simple tools by the customer, comes with instructions.']",Dedeman
538,Showcase,OKASHA Solid Wood Display Unit,657,1203,['Delivery condition: Pre Assembled (Ready to Use)'],FurnitureForYou
544,Showcase,Deuba Edison Sheesham Solidwood House Corner Wall Rack ...,4415,11037,['Delivery condition: Pre Assembled (Ready to Use)'],Ikea
545,Showcase,all crafts art WOODEN DOBULE Interconcted wall shelf. E...,1493,2006,"['Delivery condition: Pre Assembled (Ready to Use)','Details: no']",Jysk
549,Showcase,all crafts art 3 Squire wall shelf Solid Wood Display U...,701,1054,"['Delivery condition: Pre Assembled (Ready to Use)','Details: yes']",Casa Magica
554,Showcase,classiconline Set of 3 Engineered Wood Display Unit,753,902,['Delivery condition: Pre Assembled (Ready to Use)'],Mob Expert
561,Showcase,classiconline Set of 4 Engineered Wood Display Unit,802,1404,['Delivery condition: Pre Assembled (Ready to Use)'],Casa Rusu
563,Showcase,Flipkart Perfect Homes Studio KR-02-Beige Engineered Wo...,715,1604,"['Delivery condition: DIY - Basic assembly to be done with simple tools by the customer, comes with instructions.','Details: Easy Cleaning,Huge Storage Space,Good Looking,Heavy and Strong']",Casa Magica
570,Showcase,Xtenshion Crafts Engineered Wood Display Unit,802,1002,['Delivery condition: Pre Assembled (Ready to Use)'],Jysk
576,Showcase,all crafts art ZIG ZEG WALL SHELF Engineered Wood Displ...,793,1203,"['Delivery condition: Pre Assembled (Ready to Use)','Details: yes']",Mobila Casa
616,Showcase,Xtenshion Crafts Interlock Set Of 3 Engineered Wood Dis...,802,1002,['Delivery condition: Pre Assembled (Ready to Use)'],Ikea
620,Showcase,7CR Display 2 in 1 Shelf (B) Engineered Wood Display Un...,804,2006,"['Delivery condition: DIY - Basic assembly to be done with simple tools by the customer, comes with instructions.','Details: 100 % HDF board']",Mob Expert
629,Showcase,Sublime Arts 6 X SQUARE WALL FLOATING Synthetic Fiber D...,1103,1304,['Delivery condition: Pre Assembled (Ready to Use)'],Jysk
635,Showcase,Hometown Engineered Wood Display Unit,2889,7927,"['Delivery condition: Knock Down - Delivered in non-assembled pieces, installation by service partner']",Dedeman
652,Showcase,Xtenshion Crafts Interlock Set Of 3 Engineered Wood Dis...,802,1002,['Delivery condition: Pre Assembled (Ready to Use)'],Casa Magica
676,Showcase,Xtenshion Crafts Interlock Set Of 3 Engineered Wood Dis...,802,1002,['Delivery condition: Pre Assembled (Ready to Use)'],Jysk
677,Showcase,Xtenshion Crafts Engineered Wood Display Unit,802,1002,['Delivery condition: Pre Assembled (Ready to Use)'],Dedeman
678,Showcase,Wallwey d√©cor STB10005 Engineered Wood Display Unit,451,1356,"['Delivery condition: DIY - Basic assembly to be done with simple tools by the customer, comes with instructions.']",Ikea
682,Showcase,classiconline Wall Mount U Shelf Set Of 3 Engineered Wo...,601,1203,['Delivery condition: Pre Assembled (Ready to Use)'],Ikea
685,Showcase,Das Engineered Wood Display Unit,2261,4414,"['Delivery condition: DIY - Basic assembly to be done with simple tools by the customer, comes with instructions.']",Ikea
686,Showcase,Teakwood stb02 Engineered Wood Display Unit,360,1203,"['Delivery condition: DIY - Basic assembly to be done with simple tools by the customer, comes with instructions.']",Dedeman
687,Showcase,Flipkart Perfect Homes Studio KR-02-White Engineered Wo...,715,1504,"['Delivery condition: DIY - Basic assembly to be done with simple tools by the customer, comes with instructions.','Details: Easy Cleaning,Huge Storage Space,Good Looking,Heavy and Strong']",Dedeman
689,Showcase,ARTIFACTS'OCEAN Solid Wood Display Unit,1604,4113,"['Delivery condition: DIY - Basic assembly to be done with simple tools by the customer, comes with instructions.']",Mob Expert
694,Showcase,classiconline Wall Mount U Shelf Set Of 3 Engineered Wo...,601,902,['Delivery condition: Pre Assembled (Ready to Use)'],Casa Magica
698,Showcase,wellgood Solid Wood Display Unit,7524,22075,['Delivery condition: Pre Assembled (Ready to Use)'],Ikea
704,Showcase,Sublime Arts Engineered Wood Display Unit,801,1002,['Delivery condition: Pre Assembled (Ready to Use)'],Casa Rusu
706,Showcase,Das Peter Engineered Wood Display Unit,2261,4414,"['Delivery condition: DIY - Basic assembly to be done with simple tools by the customer, comes with instructions.']",Casa Magica
710,Showcase,OKASHA OKASHA Intersecting Floating Shelves MDF (Number...,762,2006,['Delivery condition: Pre Assembled (Ready to Use)'],Casa Rusu
717,Showcase,"Karam Collections Wall Shelf, Set of 3 (Lacquer Finish,...",601,902,['Delivery condition: Pre Assembled (Ready to Use)'],Mob Expert
720,Showcase,woodinto Exclusively Desinged wall shelf Engineered Woo...,802,1303,"['Delivery condition: Pre Assembled (Ready to Use)','Details: UNIQUE DESINGED,wall shelf,diplay unit,shelf for wall,shelf for office,shelf for room,room decor shelf,room decoration items']",Casa Magica
721,Showcase,POJ EDD Showcases Engineered Wood Display Unit,19217,30503,"['Delivery condition: Knock Down - Delivered in non-assembled pieces, installation by service partner']",Mob Expert
724,Showcase,woodinto wud Engineered Wood Display Unit,742,2014,"['Delivery condition: Pre Assembled (Ready to Use)','Details: shelf,wall shelf,best wall shelf,new wall shelf,hanging wall shelf']",Dedeman
727,Showcase,Flipkart Perfect Homes Studio KR-02-White Engineered Wo...,715,1504,"['Delivery condition: DIY - Basic assembly to be done with simple tools by the customer, comes with instructions.','Details: Easy Cleaning,Huge Storage Space,Good Looking,Heavy and Strong']",Ikea
730,Showcase,Depend Art Wooden Wall Modern corner Engineered Wood Di...,763,1002,['Delivery condition: Pre Assembled (Ready to Use)'],Jysk
732,Showcase,classiconline Wall Mount U Shelf Engineered Wood Displa...,501,902,['Delivery condition: Pre Assembled (Ready to Use)'],Jysk
734,Showcase,Maaz Handicrafts Solid Wood Display Unit,1124,1354,"['Delivery condition: DIY - Basic assembly to be done with simple tools by the customer, comes with instructions.']",Jysk
737,Showcase,Hubwooden Hubwooden Hexagon Wall Shelf Wooden Wall Shel...,521,1805,"['Delivery condition: DIY - Basic assembly to be done with simple tools by the customer, comes with instructions.']",Ikea
744,Showcase,classiconline Wall Mount Corner 2 Tier Engineered Wood ...,601,1604,['Delivery condition: Pre Assembled (Ready to Use)'],Mob Expert
745,Showcase,Sublime Arts WALL FLOATING Engineered Wood Display Unit,476,702,['Delivery condition: Pre Assembled (Ready to Use)'],Mob Expert
746,Showcase,Yasar Handicrafts YH-04 Engineered Wood Display Unit,752,2107,['Delivery condition: Pre Assembled (Ready to Use)'],FurnitureForYou
748,Showcase,"Karam Collections Ted Wall Shelf (Matt Finish, WHITE) E...",400,1504,"['Delivery condition: DIY - Basic assembly to be done with simple tools by the customer, comes with instructions.']",Jysk
749,Showcase,Das Engineered Wood Display Unit,2261,4414,"['Delivery condition: DIY - Basic assembly to be done with simple tools by the customer, comes with instructions.']",FurnitureForYou
750,Showcase,Depend Art Morplas Zig Zag 5 tier Engineered Wood Displ...,823,1303,['Delivery condition: Pre Assembled (Ready to Use)'],Dedeman
753,Showcase,Wallwey d√©cor SELF2031 Engineered Wood Display Unit,501,1554,"['Delivery condition: DIY - Basic assembly to be done with simple tools by the customer, comes with instructions.']",Casa Magica
756,Showcase,Onlineshoppee Engineered Wood Display Unit,1504,2006,"['Delivery condition: Pre Assembled (Ready to Use)','Details: Material - MDF Wood,Premium Paint Finish,Color - Brown']",Ikea
762,Showcase,all crafts art ZIG ZEG WALL SHELF Engineered Wood Displ...,793,1110,"['Delivery condition: Pre Assembled (Ready to Use)','Details: no']",FurnitureForYou
766,Showcase,OKASHA Intersecting Floating Shelves MDF (Number of She...,762,2006,['Delivery condition: Pre Assembled (Ready to Use)'],Dedeman
768,Showcase,Lignum Pro Engineered Wood Display Unit,1905,4013,"['Delivery condition: DIY - Basic assembly to be done with simple tools by the customer, comes with instructions.']",Jysk
770,Showcase,SS ARTS Decorative Corner Bathroom Living room Storage ...,2345,4615,"['Delivery condition: DIY - Basic assembly to be done with simple tools by the customer, comes with instructions.']",Dedeman
776,Showcase,7CR Display 2 in 1 Shelf Engineered Wood Display Unit,851,2006,"['Delivery condition: DIY - Basic assembly to be done with simple tools by the customer, comes with instructions.','Details: 100% HDF Board']",Mob Expert
778,Showcase,Das Engineered Wood Display Unit,1430,2608,"['Delivery condition: DIY - Basic assembly to be done with simple tools by the customer, comes with instructions.']",Casa Magica
780,Showcase,OKASHA OKASHA WALL Decorative Floating Shelves MDF (Num...,666,1504,['Delivery condition: Pre Assembled (Ready to Use)'],Casa Magica
782,Showcase,Flipkart Perfect Homes Studio Wall Mounted Kitchen Shel...,1072,3301,"['Delivery condition: DIY - Basic assembly to be done with simple tools by the customer, comes with instructions.']",Ikea
784,Showcase,7CR Display 4 IN 1 Full Shelf (B) Engineered Wood Displ...,1107,3009,"['Delivery condition: DIY - Basic assembly to be done with simple tools by the customer, comes with instructions.','Details: 100 % HDF board']",Jysk
785,Showcase,Depend Art Engineered Wood Display Unit,752,1203,['Delivery condition: Pre Assembled (Ready to Use)'],Mobila Casa
786,Showcase,7CR Display 4 IN 1 Full Shelf Engineered Wood Display U...,1107,3009,"['Delivery condition: DIY - Basic assembly to be done with simple tools by the customer, comes with instructions.','Details: 100 % HDF board']",Jysk
788,Showcase,Wooden Art & Toys Engineered Wood Display Unit,290,503,['Delivery condition: Pre Assembled (Ready to Use)'],Jysk
789,Showcase,Depend Art Wooden Wall Modern Shelf Engineered Wood Dis...,753,902,['Delivery condition: Pre Assembled (Ready to Use)'],Mob Expert
790,Showcase,7CR Display Step by Step Shelf (B) Engineered Wood Disp...,560,3009,"['Delivery condition: DIY - Basic assembly to be done with simple tools by the customer, comes with instructions.','Details: 100 % HDF board']",Casa Rusu
792,Showcase,Lignum Pro Engineered Wood Display Unit,1604,4013,"['Delivery condition: DIY - Basic assembly to be done with simple tools by the customer, comes with instructions.']",FurnitureForYou
793,Showcase,7CR Display 4 Block Shelf Engineered Wood Display Unit,1170,3009,"['Delivery condition: DIY - Basic assembly to be done with simple tools by the customer, comes with instructions.','Details: 100 % HDF board']",Dedeman
796,Showcase,"King Decore wall salave, modren setup box , shelf wall ...",350,902,"['Delivery condition: DIY - Basic assembly to be done with simple tools by the customer, comes with instructions.']",Casa Magica
801,Showcase,King Decore Engineered Wood Display Unit,300,1002,['Delivery condition: Pre Assembled (Ready to Use)'],Mobila Casa
802,Showcase,Sublime Arts Engineered Wood Display Unit,651,1003,['Delivery condition: Pre Assembled (Ready to Use)'],Mob Expert
804,Showcase,Wallwey d√©cor SELF2033 Engineered Wood Display Unit,501,1554,"['Delivery condition: DIY - Basic assembly to be done with simple tools by the customer, comes with instructions.']",Jysk
805,Showcase,Maaz Handicrafts Black & Red 6 Cube & Shape Storage Wal...,1193,1203,"['Delivery condition: DIY - Basic assembly to be done with simple tools by the customer, comes with instructions.']",Mob Expert
808,Showcase,imperial arts Solid Wood Display Unit,942,1505,['Delivery condition: Pre Assembled (Ready to Use)'],FurnitureForYou
810,Showcase,Karam Collections Engineered Wood Display Unit,1173,4014,"['Delivery condition: DIY - Basic assembly to be done with simple tools by the customer, comes with instructions.']",Ikea
822,Showcase,classiconline Wall Mount Corner 3 Tier Engineered Wood ...,682,701,['Delivery condition: Pre Assembled (Ready to Use)'],Ikea
824,Showcase,imperial arts Solid Wood Display Unit,1668,2007,['Delivery condition: Pre Assembled (Ready to Use)'],Casa Magica
825,Showcase,Sublime Arts Engineered Wood Display Unit,501,702,['Delivery condition: Pre Assembled (Ready to Use)'],Casa Magica
828,Showcase,"Greenhub corner shelf for living room,corner wall shelf...",752,1405,"['Delivery condition: DIY - Basic assembly to be done with simple tools by the customer, comes with instructions.']",Ikea
833,Showcase,imperial arts Solid Wood Display Unit,1096,1505,['Delivery condition: Pre Assembled (Ready to Use)'],Mobila Casa
837,Showcase,Wooden Art & Toys HUT SHAPED WALL SHELF Engineered Wood...,256,512,['Delivery condition: Pre Assembled (Ready to Use)'],Mobila Casa
838,Showcase,Nexat Metal Display Unit,694,1404,"['Delivery condition: DIY - Basic assembly to be done with simple tools by the customer, comes with instructions.']",Jysk
842,Showcase,MD Plastic Display Unit,631,1254,"['Delivery condition: DIY - Basic assembly to be done with simple tools by the customer, comes with instructions.']",Jysk
844,Showcase,Jeeso Solid Wood Display Unit (Finish Color - Honey Fin...,7023,20067,['Delivery condition: Pre Assembled (Ready to Use)'],Mob Expert
845,Showcase,FITPACK OVERSEAS Engineered Wood Display Unit,2759,3010,['Delivery condition: Pre Assembled (Ready to Use)'],Mob Expert
846,Showcase,Wooden Art & Toys HUT SHAPED WALL SHELF Engineered Wood...,1253,1706,['Delivery condition: Pre Assembled (Ready to Use)'],Jysk
848,Showcase,Wooden Art & Toys 3 MDF Wall Shelf Engineered Wood Disp...,557,791,"['Delivery condition: Pre Assembled (Ready to Use)','Details: High Quality MDF']",Dedeman
850,Showcase,classiconline Wall Mount U Shelf Set Of 3 Engineered Wo...,601,902,['Delivery condition: Pre Assembled (Ready to Use)'],Jysk
852,Showcase,Wooden Art & Toys POOJA TEMPLE Engineered Wood Display ...,591,1003,['Delivery condition: Pre Assembled (Ready to Use)'],Mob Expert
853,Showcase,Extend Crafts Engineered Wood Display Unit,1203,1504,"['Delivery condition: DIY - Basic assembly to be done with simple tools by the customer, comes with instructions.']",Mobila Casa
854,Showcase,"Greenhub corner shelf for living room,corner wall shelf...",752,1405,"['Delivery condition: DIY - Basic assembly to be done with simple tools by the customer, comes with instructions.']",Jysk
856,Showcase,Wooden Art & Toys Wall Decoration Floating Shelves Set ...,651,1003,"['Delivery condition: Pre Assembled (Ready to Use)','Details: High Quality MDF']",Mobila Casa
860,Showcase,Wooden Art & Toys Engineered Wood Display Unit,641,1003,['Delivery condition: Pre Assembled (Ready to Use)'],Dedeman
861,Showcase,wellgood Solid Wood Display Unit,3009,7023,['Delivery condition: Pre Assembled (Ready to Use)'],Jysk
864,Showcase,Flipkart Perfect Homes Studio Wooden Wall Mounted Decor...,1363,3009,"['Delivery condition: DIY - Basic assembly to be done with simple tools by the customer, comes with instructions.','Details: Modern and Sturdy']",FurnitureForYou
865,Showcase,Decorasia Beautiful Wooden zigzag shape wall shelf Soli...,902,5016,"['Delivery condition: DIY - Basic assembly to be done with simple tools by the customer, comes with instructions.']",Casa Rusu
866,Showcase,OKASHA OKASHA Intersecting Floating Shelves MDF (Number...,762,2006,"['Delivery condition: Pre Assembled (Ready to Use)','Details: Floating Shelves,Super sturdy,PERFECT WALL SHELVES,MULTIPURPOSE SHELF,WALL DECOR,STRONG SUPPORT,USE THEM EVERYWHERE,EASY TO INSTALL']",Mobila Casa
868,Showcase,oneclickshoppe Engineered Wood Display Unit,902,1504,"['Delivery condition: DIY - Basic assembly to be done with simple tools by the customer, comes with instructions.','Details: Casual Display shelf']",FurnitureForYou
870,Showcase,FITPACK OVERSEAS Engineered Wood Display Unit,2508,2759,"['Delivery condition: Pre Assembled (Ready to Use)','Details: SET OF 2']",Ikea
872,Showcase,FITPACK OVERSEAS Engineered Wood Display Unit,2508,2759,['Delivery condition: Pre Assembled (Ready to Use)'],Jysk
874,Showcase,FITPACK OVERSEAS Engineered Wood Display Unit,2508,2759,['Delivery condition: Pre Assembled (Ready to Use)'],Casa Rusu
878,Showcase,DFC Mafta Engineered Wood Display Unit,2482,3009,"['Delivery condition: DIY - Basic assembly to be done with simple tools by the customer, comes with instructions.']",Ikea
880,Showcase,Extend Crafts Wooden Wall Set top box Stand wall mount ...,692,1001,"['Delivery condition: DIY - Basic assembly to be done with simple tools by the customer, comes with instructions.']",FurnitureForYou
884,Showcase,Wooden Art & Toys Engineered Wood Display Unit,651,1003,['Delivery condition: Pre Assembled (Ready to Use)'],Casa Magica
886,Showcase,ARTIFACTS'OCEAN Metal Display Unit,1002,1805,['Delivery condition: Pre Assembled (Ready to Use)'],Ikea
888,Showcase,estre Begonia Engineered Wood Display Unit,4184,5519,"['Delivery condition: Knock Down - Delivered in non-assembled pieces, installation by service partner']",Casa Magica
890,Showcase,ARTIFACTS'OCEAN Metal Display Unit,1002,2006,['Delivery condition: Pre Assembled (Ready to Use)'],FurnitureForYou
892,Showcase,Wooden Art & Toys Wall Decoration Intersecting Floating...,651,1003,"['Delivery condition: Pre Assembled (Ready to Use)','Details: High Quality MDF']",Jysk
894,Showcase,Mezylus Wall Mount Engineered Wood Display Unit,1230,2303,['Delivery condition: Pre Assembled (Ready to Use)'],Mob Expert
896,Showcase,Karam Collections Wall Rack Shelf Globe Shape Floating ...,802,2006,"['Delivery condition: DIY - Basic assembly to be done with simple tools by the customer, comes with instructions.']",Mob Expert
897,Showcase,estre Aster Engineered Wood Display Unit,3803,4515,"['Delivery condition: Knock Down - Delivered in non-assembled pieces, installation by service partner']",Dedeman
898,Showcase,Wooden Art & Toys Wall Decoration Intersecting Floating...,651,1003,"['Delivery condition: Pre Assembled (Ready to Use)','Details: High Quality MDF']",Dedeman
900,Showcase,WINSOME FURNITURE Engineered Wood Display Unit,2006,4013,"['Delivery condition: DIY - Basic assembly to be done with simple tools by the customer, comes with instructions.']",Casa Rusu
902,Showcase,GUDSMITH Engineered Wood Display Unit,11640,28686,"['Delivery condition: Knock Down - Delivered in non-assembled pieces, installation by service partner']",Mobila Casa
905,Showcase,Connectwide Freestanding Hat White Plastic Stable Detac...,285,802,"['Delivery condition: DIY - Basic assembly to be done with simple tools by the customer, comes with instructions.']",Dedeman
908,Showcase,Wooden Art & Toys Wall Decoration Floating Shelves Set ...,1002,1405,['Delivery condition: Pre Assembled (Ready to Use)'],Ikea
909,Showcase,Vector LORD GANESHA CNC MULTIWOOD Solid Wood Display Un...,501,701,['Delivery condition: Pre Assembled (Ready to Use)'],Ikea
910,Showcase,Karam Collections Hexagon Shape Set of 6 Floating Wall ...,1203,2006,['Delivery condition: Pre Assembled (Ready to Use)'],FurnitureForYou
912,Showcase,SIDDHABABA ENTERPRISES Bamboo Display Unit,2559,5017,['Delivery condition: Pre Assembled (Ready to Use)'],FurnitureForYou
913,Showcase,WOODTREND Premium Sheesham Wood Display Unit/Showcase/D...,18853,33111,['Delivery condition: Pre Assembled (Ready to Use)'],Dedeman
916,Showcase,wooden cave Engineered Wood Display Unit,844,1516,"['Delivery condition: DIY - Basic assembly to be done with simple tools by the customer, comes with instructions.']",FurnitureForYou
917,Showcase,Karam Collections mark wood Engineered Wood Display Uni...,1254,4014,"['Delivery condition: DIY - Basic assembly to be done with simple tools by the customer, comes with instructions.']",Casa Magica
920,Showcase,wooden cave Tic tac toe new addition wall shelf decorat...,884,1604,"['Delivery condition: DIY - Basic assembly to be done with simple tools by the customer, comes with instructions.','Details: Tic tac toe new,Display unit']",Jysk
921,Showcase,wood design talent Engineered Wood Display Unit,701,1002,"['Delivery condition: DIY - Basic assembly to be done with simple tools by the customer, comes with instructions.']",Jysk
922,Showcase,Sublime Arts Engineered Wood Display Unit,651,1003,['Delivery condition: Pre Assembled (Ready to Use)'],Dedeman
924,Showcase,Wooden Art & Toys Engineered Wood Display Unit,1103,1506,['Delivery condition: Pre Assembled (Ready to Use)'],Mob Expert
925,Showcase,Wooden Art & Toys Wall Decoration Floating Shelves Set ...,300,602,"['Delivery condition: Pre Assembled (Ready to Use)','Details: High Quality MDF']",Casa Rusu
926,Showcase,grahasti Engineered Wood Display Unit,2007,2007,['Delivery condition: Pre Assembled (Ready to Use)'],FurnitureForYou
928,Showcase,Karam Collections Hexagon Shape Set of 6 Floating Wall ...,1189,2006,['Delivery condition: Pre Assembled (Ready to Use)'],Dedeman
929,Showcase,Wooden Art & Toys Engineered Wood Display Unit,531,804,['Delivery condition: Pre Assembled (Ready to Use)'],Mobila Casa
932,Showcase,Wooden Art & Toys HUT SHAPED WALL SHELF Engineered Wood...,752,1104,['Delivery condition: Pre Assembled (Ready to Use)'],Ikea
936,Showcase,Wooden Art & Toys HUT SHAPED WALL SHELF Engineered Wood...,1253,1706,['Delivery condition: Pre Assembled (Ready to Use)'],Mob Expert
938,Showcase,Wooden Art & Toys HUT SHAPED WALL SHELF Engineered Wood...,1253,1706,['Delivery condition: Pre Assembled (Ready to Use)'],Dedeman
942,Showcase,Wooden Art & Toys HUT SHAPED WALL SHELF Engineered Wood...,1253,1706,['Delivery condition: Pre Assembled (Ready to Use)'],FurnitureForYou
949,Showcase,Silver Touch Solid Wood Display Unit,557,903,['Delivery condition: Pre Assembled (Ready to Use)'],Ikea
952,Showcase,SNEAKOFF SC67 Plastic Display Unit,1104,3010,"['Delivery condition: DIY - Basic assembly to be done with simple tools by the customer, comes with instructions.','Details: Hard plastic']",Mob Expert
953,Showcase,kingwood furniture Solid Wood Display Unit,3874,5509,"['Delivery condition: DIY - Basic assembly to be done with simple tools by the customer, comes with instructions.','Details: wall shelve']",Casa Rusu
954,Showcase,Silver Touch WALL FLOATING SHELF Solid Wood Display Uni...,1303,2107,['Delivery condition: Pre Assembled (Ready to Use)'],Casa Rusu
957,Showcase,Karam Collections Hexagon Shape Set of 6 Floating Wall ...,1189,2006,['Delivery condition: Pre Assembled (Ready to Use)'],Mobila Casa
958,Showcase,Wooden Art & Toys HUT SHAPED WALL SHELF Engineered Wood...,1755,2308,['Delivery condition: Pre Assembled (Ready to Use)'],Casa Magica
960,Showcase,Wooden Art & Toys HUT SHAPED WALL SHELVES Engineered Wo...,1504,1906,['Delivery condition: Pre Assembled (Ready to Use)'],Casa Rusu
965,Showcase,Karam Collections Hexagon Shape Set of 6 Floating Wall ...,1174,2006,['Delivery condition: Pre Assembled (Ready to Use)'],Casa Magica
968,Showcase,Sublime Arts ETHNIC LOOK WALL FLOATING Engineered Wood ...,557,803,['Delivery condition: Pre Assembled (Ready to Use)'],Jysk
969,Showcase,Sublime Arts WALL FLOATING Engineered Wood Display Unit,601,803,['Delivery condition: Pre Assembled (Ready to Use)'],Dedeman
972,Showcase,Wooden Art & Toys RED & WHITE INTERSECTING Engineered W...,601,903,['Delivery condition: Pre Assembled (Ready to Use)'],Mobila Casa
974,Showcase,Wooden Art & Toys Wall Decoration Intersecting Floating...,651,1003,"['Delivery condition: Pre Assembled (Ready to Use)','Details: High Quality MDF']",Casa Rusu
980,Showcase,Sublime Arts WALL FLOATING Engineered Wood Display Unit,1002,1405,['Delivery condition: Pre Assembled (Ready to Use)'],FurnitureForYou
984,Showcase,Sublime Arts WALL FLOATING Engineered Wood Display Unit,1303,2107,['Delivery condition: Pre Assembled (Ready to Use)'],Casa Rusu
985,Showcase,Wooden Art &Toys Engineered Wood Display Unit,1303,2107,['Delivery condition: Pre Assembled (Ready to Use)'],Casa Rusu
989,Showcase,Karam Collections Hexagon Shape Set of 6 Floating Wall ...,1174,2006,['Delivery condition: Pre Assembled (Ready to Use)'],Casa Rusu
990,Showcase,Wooden Art & Toys HUT SHAPED WALL SHELVES Engineered Wo...,501,803,['Delivery condition: Pre Assembled (Ready to Use)'],Ikea
997,Showcase,Maaz Handicrafts Red & White Hexagon 6 Shape Storage Wa...,1002,1505,"['Delivery condition: DIY - Basic assembly to be done with simple tools by the customer, comes with instructions.']",Mobila Casa
1008,Showcase,Karam Collections Zigzag Corner Wall Mount Shelf Unit/R...,751,2007,"['Delivery condition: DIY - Basic assembly to be done with simple tools by the customer, comes with instructions.']",Ikea
1009,Showcase,Sublime Arts ETHNIC LOOK WALL FLOATING Engineered Wood ...,1002,1505,['Delivery condition: Pre Assembled (Ready to Use)'],FurnitureForYou
1012,Showcase,Wooden Art & Toys ELEGANT LOOK BEE-HIVE WALL FLOATING E...,557,1003,['Delivery condition: Pre Assembled (Ready to Use)'],Casa Magica
1016,Showcase,Sublime Arts 6-hexagonal wall mounted Engineered Wood D...,1002,1505,['Delivery condition: Pre Assembled (Ready to Use)'],Dedeman
1017,Showcase,Karam Collections Wall Shelf Rack Set of 3 Intersecting...,601,2007,['Delivery condition: Pre Assembled (Ready to Use)'],Mobila Casa
1020,Showcase,Sublime Arts 6XRECTANGULAR & CUBIC WALL FLOATING Engine...,1002,1505,['Delivery condition: Pre Assembled (Ready to Use)'],Dedeman
1021,Showcase,Sublime Arts BL/B HEXAGONAL WALL FLOATING Engineered Wo...,1002,1304,['Delivery condition: Pre Assembled (Ready to Use)'],Ikea
1022,Showcase,Sublime Arts WALL FLOATING Engineered Wood Display Unit,1604,2207,['Delivery condition: Pre Assembled (Ready to Use)'],Jysk
1032,Showcase,Sublime Arts 3-HEXAGONAL ETHNIC LOOK WALL FLOATING Engi...,557,903,['Delivery condition: Pre Assembled (Ready to Use)'],Casa Rusu
1033,Showcase,Sublime Arts WHITE CUBOID WALL FLOATING Engineered Wood...,651,1003,['Delivery condition: Pre Assembled (Ready to Use)'],Jysk
1034,Showcase,Sublime Arts ETHNIC LOOK OLIVE GREEN HEXAGONAL WALL FLO...,557,803,['Delivery condition: Pre Assembled (Ready to Use)'],Dedeman
1036,Showcase,Sublime Arts ETHNIC LOOK WALL FLOATING Engineered Wood ...,631,1003,['Delivery condition: Pre Assembled (Ready to Use)'],Mobila Casa
1038,Showcase,Wooden Art & Toys Wall Decoration Floating Shelf Engine...,1303,1605,['Delivery condition: Pre Assembled (Ready to Use)'],Jysk
